__v,_id,category,createdAt,enroll_count,instructor,languages,level,offer_by,overview,rated_by,rating,skill_gain,thumbnail,title,type,updatedAt,weeks
0,615ae62bec1b8990c5084198,615ad1cee4f97daa95d2ebb0,2021-10-04T11:31:55.189Z,32,robert john,"[""English"",""Hindi"",""French""]",Intermediate,Google,"Prepare for a career in the high-growth field of IT, no experience required. Get professional training designed by Google and get on the fast-track to a competitively paid job.Over 5 courses, learn in-demand skills that prepare you for an entry-level job. At under 10 hours per week, you can complete the certificate in less than 6 months.Since the IT Support Certificate launched in 2018, 82% of graduates have reported a positive career outcome like a new job, promotion, or raise within 6 months.",[],4.8,"[""Debugging"",""Binary Code"",""Linux"",""Ipv4"",""Network Model""]",https://d3njjcbhbojbot.cloudfront.net/api/utilities/v1/imageproxy/https://d15cw65ipctsrr.cloudfront.net/14/b2d530f1ad11e7ab380fc0c6c817a8/Search-Thumbnail.jpg,Google IT Support,Course,2021-10-06T08:54:54.277Z,"[{""title"":""Introduction to IT"",""video_url"":""https://www.youtube.com/watch?v=2su9UP4dSzo"",""_id"":{""$oid"":""615bf124028d903ee06455b2""}},{""title"":""Hardware"",""video_url"":""https://youtu.be/DH0J-hLEBv0"",""_id"":{""$oid"":""615bf124028d903ee06455b3""}},{""title"":""Operating System"",""video_url"":""https://youtu.be/KSGoPdg_mR0"",""_id"":{""$oid"":""615bf124028d903ee06455b4""}},{""title"":""Networking"",""video_url"":""https://youtu.be/lJC_sJ6jhDo"",""_id"":{""$oid"":""615bf124028d903ee06455b5""}}]"
0,615ae6f6ec1b8990c508419f,615ad1cee4f97daa95d2ebb0,2021-10-04T11:35:18.006Z,1,robert john,"[""English"",""Hindi"",""German""]",Beginner,Google,"Prepare for a new career in the high-growth field of project management, no experience required. Get professional training designed by Google and get on the fastrack to a competitively paid job.Project managers are natural problem-solvers. They set the plan and guide teammates, and manage changes, risks, and stakeholders.Over 6 courses, gain in-demand skills that will prepare you for an entry-level job. Learn from Google employees whose foundations in project management served as launchpads for their own careers. At under 10 hours per week, you can complete in less than six months.",[],0,"[""Career Development"",""Risk Management"",""Linux"",""Procurement"",""Network Model"",""Project Charter""]",https://d3njjcbhbojbot.cloudfront.net/api/utilities/v1/imageproxy/https://d15cw65ipctsrr.cloudfront.net/ba/e14875b76f4e799e067d3551076e8c/1200x600_DA.png,Google Data Analytics,Course,2021-10-06T10:52:58.388Z,"[{""title"":""Introducing data analytics"",""video_url"":""https://www.youtube.com/watch?v=2su9UP4dSzo"",""_id"":{""$oid"":""615bf1b7028d903ee06455cd""}},{""title"":""All about analytical thinking"",""video_url"":""https://youtu.be/DH0J-hLEBv0"",""_id"":{""$oid"":""615bf1b7028d903ee06455ce""}},{""title"":""The wonderful world of data"",""video_url"":""https://youtu.be/KSGoPdg_mR0"",""_id"":{""$oid"":""615bf1b7028d903ee06455cf""}},{""title"":""Set up your toolbox"",""video_url"":""https://youtu.be/lJC_sJ6jhDo"",""_id"":{""$oid"":""615bf1b7028d903ee06455d0""}}]"
0,615ae7b8ec1b8990c50841a6,615ad1cee4f97daa95d2ebb0,2021-10-04T11:38:32.535Z,1,Morgan Willis,"[""English"",""Hindi"",""German"",""Russian"",""French"",""Telugu""]",Beginner,Amazon Web Service,"This specialization is designed to help you master the skills of designing and building cloud-native applications on AWS. We begin with the foundational technical and cloud knowledge that you need to have to build in the AWS Cloud. In the first course, you will be introduced to several AWS compute services, different storage and database offerings that AWS provides, AWS’ networking capabilities, monitoring capabilities and the AWS IAM service.The second course of the specialization explores how to build an API driven application using Amazon API Gateway for serverless API hosting, AWS Lambda for serverless computing and Amazon Cognito for serverless authentication.Modern applications require a modern database. Hence, the third course introduces you to NoSQL databases and the challenges they solve. We will dive deep into Amazon DynamoDB topics such as recovery, SDKs, partition keys, security and encryption, global tables, stateless applications, streams, and best practices. DynamoDB is a key-value and document database that delivers single-digit millisecond performance at any scale.",[],0,"[""Workload"",""Amazon Dynamodb"",""Linux"",""AWS cloud"",""Storage""]",https://d3njjcbhbojbot.cloudfront.net/api/utilities/v1/imageproxy/https://d15cw65ipctsrr.cloudfront.net/75/552df7201a417482eb2bb46c75faa8/600x600-Python-100.jpg,Modern Application Development with Python on AWS,Course,2021-10-11T11:04:50.251Z,"[{""title"":""Week 1"",""video_url"":""https://www.youtube.com/watch?v=2su9UP4dSzo"",""_id"":{""$oid"":""615bf252028d903ee06455dc""}},{""title"":""Week 2"",""video_url"":""https://youtu.be/DH0J-hLEBv0"",""_id"":{""$oid"":""615bf252028d903ee06455dd""}},{""title"":""Week 3"",""video_url"":""https://youtu.be/KSGoPdg_mR0"",""_id"":{""$oid"":""615bf252028d903ee06455de""}},{""title"":""Week 4"",""video_url"":""https://youtu.be/lJC_sJ6jhDo"",""_id"":{""$oid"":""615bf252028d903ee06455df""}}]"
0,615aeac85e4db54a593dc886,615ad1cee4f97daa95d2ebb0,2021-10-04T11:51:36.105Z,11,Morgan Willis,"[""English"",""Hindi"",""German"",""Russian"",""French"",""Telugu""]",Mixed,Amazon Web Service,"This specialization gives current or aspiring IT professionals an overview of the features, benefits, and capabilities of Amazon Web Services (AWS). As you proceed through these four interconnected courses, you will gain a more vivid understanding of core AWS services, key AWS security concepts, strategies for migrating from on-premises to AWS, and basics of building serverless applications with AWS. Additionally, you will have opportunities to practice what you have learned by completing labs and exercises developed by AWS technical instructors.",[],4.5,"[""Workload"",""Amazon Dynamodb"",""Amazon Lex"",""AWS cloud"",""Storage"",""AWS Lambda""]",https://d3njjcbhbojbot.cloudfront.net/api/utilities/v1/imageproxy/https://d15cw65ipctsrr.cloudfront.net/f4/5219a4886e4feead04a706b73a9cd1/specialization_logo.png,AWS Fundamentals,Course,2021-10-09T04:30:05.025Z,"[{""title"":""AWS Cloud Technical Essentials"",""video_url"":""https://www.youtube.com/watch?v=2su9UP4dSzo"",""_id"":{""$oid"":""615bf2ef028d903ee06455fe""}},{""title"":""AWS Fundamentals: Addressing Security Risk"",""video_url"":""https://youtu.be/DH0J-hLEBv0"",""_id"":{""$oid"":""615bf2ef028d903ee06455ff""}},{""title"":""AWS Fundamentals: Migrating to the Cloud"",""video_url"":""https://youtu.be/KSGoPdg_mR0"",""_id"":{""$oid"":""615bf2ef028d903ee0645600""}},{""title"":""AWS Fundamentals: Building Serverless Application"",""video_url"":""https://youtu.be/lJC_sJ6jhDo"",""_id"":{""$oid"":""615bf2ef028d903ee0645601""}}]"
0,615aeb535e4db54a593dc88d,615ad1cee4f97daa95d2ebb0,2021-10-04T11:53:55.687Z,1,Rav Singh,"[""English"",""Hindi"",""German"",""Russian"",""French"",""Telugu""]",Advanced,IBM,"TThis Professional Certificate will equip you with all the key skills and technical know-how to kickstart your career as a Full-Stack Cloud Native Application Developer. Guided by experts at IBM, you will learn to build your own cloud-based applications and practice working with the technologies behind them. This program consists of 10 courses with ample instructional content as well as hands-on exercises and projects designed to hone your skills and help you build your portfolio.",[],0,"[""Node.Js"",""Docker"",""Kubernetes"",""Containers"",""Data Science""]",https://d3njjcbhbojbot.cloudfront.net/api/utilities/v1/imageproxy/https://d15cw65ipctsrr.cloudfront.net/18/2aa16c328a457cb910aa933bf2cd87/Professional-Certificate-Cloud-App.jpg,IBM Full Stack Cloud Developer,Course,2021-10-08T12:52:09.093Z,"[{""title"":""Overview of Cloud Computing"",""video_url"":""https://www.youtube.com/watch?v=2su9UP4dSzo"",""_id"":{""$oid"":""615bf38b028d903ee0645624""}},{""title"":""Cloud Computing Models"",""video_url"":""https://youtu.be/DH0J-hLEBv0"",""_id"":{""$oid"":""615bf38b028d903ee0645625""}},{""title"":""Components of Cloud Computing"",""video_url"":""https://youtu.be/KSGoPdg_mR0"",""_id"":{""$oid"":""615bf38b028d903ee0645626""}},{""title"":""Emergent Trends and Practicesn"",""video_url"":""https://youtu.be/lJC_sJ6jhDo"",""_id"":{""$oid"":""615bf38b028d903ee0645627""}},{""title"":""Cloud Security and Monitoring, Case Studies, and Jobs"",""video_url"":""https://youtu.be/lJC_sJ6jhDo"",""_id"":{""$oid"":""615bf38b028d903ee0645628""}}]"
0,615aec1e5e4db54a593dc895,615ad1cee4f97daa95d2ebb0,2021-10-04T11:57:18.111Z,1,Rav Singh,"[""English"",""Hindi"",""German"",""Russian"",""French"",""Greek""]",Advanced,LearnQuest,"In the first course, you will learn some of the concepts of procedural programming: user input, console output, variable declaration and assignment, decision branching and iteration.The second course will introduce you to Advanced String Operations and Dates, Modeling Classes, Development of Classes and Collections. In the third course you'll learn about Files, Inheritance and external libraries.And in the final course we will look at several automation concepts in DevOps with Python.",[],0,"[""Build Automation"",""Devops"",""Software Engineering"",""Programming Tool"",""Data Science""]",https://d3njjcbhbojbot.cloudfront.net/api/utilities/v1/imageproxy/https://d15cw65ipctsrr.cloudfront.net/58/7a4c616c0f4e6d96cf9f9dbb370ff4/Python_icon.png,Python Scripting for DevOps,Course,2021-10-09T09:11:00.311Z,"[{""title"":""Console Input and Output"",""video_url"":""https://www.youtube.com/watch?v=2su9UP4dSzo"",""_id"":{""$oid"":""615bf3ed028d903ee0645651""}},{""title"":""Data Types"",""video_url"":""https://youtu.be/DH0J-hLEBv0"",""_id"":{""$oid"":""615bf3ed028d903ee0645652""}},{""title"":""Decision Branching"",""video_url"":""https://youtu.be/KSGoPdg_mR0"",""_id"":{""$oid"":""615bf3ed028d903ee0645653""}},{""title"":""Iteration"",""video_url"":""https://youtu.be/lJC_sJ6jhDo"",""_id"":{""$oid"":""615bf3ed028d903ee0645654""}}]"
0,615e7fb04d03ffb79160a5cc,615ad1fee4f97daa95d2ebb7,2021-10-07T05:03:44.402Z,9,Andrew Ng,"[""English"",""Hindi"",""German"",""Russian"",""French"",""Greek"",""Italian"",""Japanese""]",Advanced,Standford University,"Machine learning is the science of getting computers to act without being explicitly programmed. In the past decade, machine learning has given us self-driving cars, practical speech recognition, effective web search, and a vastly improved understanding of the human genome. Machine learning is so pervasive today that you probably use it dozens of times a day without knowing it. Many researchers also think it is the best way to make progress towards human-level AI. In this class, you will learn about the most effective machine learning techniques, and gain practice implementing them and getting them to work for yourself. More importantly, you'll learn about not only the theoretical underpinnings of learning, but also gain the practical know-how needed to quickly and powerfully apply these techniques to new problems. Finally, you'll learn about some of Silicon Valley's best practices in innovation as it pertains to machine learning and AI.This course provides a broad introduction to machine learning, datamining, and statistical pattern recognition. Topics include: (i) Supervised learning (parametric/non-parametric algorithms, support vector machines, kernels, neural networks). (ii) Unsupervised learning (clustering, dimensionality reduction, recommender systems, deep learning). (iii) Best practices in machine learning (bias/variance theory; innovation process in machine learning and AI). The course will also draw from numerous case studies and applications, so that you'll also learn how to apply learning algorithms to building smart robots (perception, control), text understanding (web search, anti-spam), computer vision, medical informatics, audio, database mining, and other areas.",[],3.5,"[""Build Automation"",""Artificial Neural Network"",""Machine Learning (ML) Algorithms"",""Machine Learning""]",https://d3njjcbhbojbot.cloudfront.net/api/utilities/v1/imageproxy/https://coursera.s3.amazonaws.com/topics/ml/large-icon.png,Machine Learning,Course,2021-10-09T08:45:03.270Z,"[{""title"":""Introduction"",""video_url"":""https://www.youtube.com/watch?v=2su9UP4dSzo"",""_id"":{""$oid"":""615e7fb04d03ffb79160a5cd""}},{""title"":""Linear Regression with One Variable"",""video_url"":""https://youtu.be/DH0J-hLEBv0"",""_id"":{""$oid"":""615e7fb04d03ffb79160a5ce""}},{""title"":""Linear Regression with Multiple Variables"",""video_url"":""https://youtu.be/KSGoPdg_mR0"",""_id"":{""$oid"":""615e7fb04d03ffb79160a5cf""}},{""title"":""Logistic Regression"",""video_url"":""https://youtu.be/lJC_sJ6jhDo"",""_id"":{""$oid"":""615e7fb04d03ffb79160a5d0""}},{""title"":""Neural Networks: Representation"",""video_url"":""https://youtu.be/lJC_sJ6jhDo"",""_id"":{""$oid"":""615e7fb04d03ffb79160a5d1""}},{""title"":""Large Scale Machine Learning"",""video_url"":""https://youtu.be/lJC_sJ6jhDo"",""_id"":{""$oid"":""615e7fb04d03ffb79160a5d2""}}]"
0,615e817a4d03ffb79160a5fb,615ad1fee4f97daa95d2ebb7,2021-10-07T05:11:22.446Z,0,Alex Aklson,"[""English"",""Hindi"",""German"",""Spanish"",""Greek"",""Italian"",""Japanese""]",Beginner,IBM,"Despite the recent increase in computing power and access to data over the last couple of decades, our ability to use the data within the decision making process is either lost or not maximized at all too often, we don't have a solid understanding of the questions being asked and how to apply the data correctly to the problem at hand.This course has one purpose, and that is to share a methodology that can be used within data science, to ensure that the data used in problem solving is relevant and properly manipulated to address the question at hand.",[],0,"[""research problem"",""model deployment""]",https://d3njjcbhbojbot.cloudfront.net/api/utilities/v1/imageproxy/https://d15cw65ipctsrr.cloudfront.net/23/22bc54f77f45a2b057f4ff518d272f/iStock-1169539468.jpg,IBM Data Science,Course,2021-10-07T05:11:22.446Z,"[{""title"":""From Problem to Approach and From Requirements to Collection"",""video_url"":""https://www.youtube.com/watch?v=2su9UP4dSzo"",""_id"":{""$oid"":""615e817a4d03ffb79160a5fc""}},{""title"":""From Understanding to Preparation and From Modeling to Evaluation"",""video_url"":""https://youtu.be/DH0J-hLEBv0"",""_id"":{""$oid"":""615e817a4d03ffb79160a5fd""}},{""title"":""From Deployment to Feedback"",""video_url"":""https://youtu.be/KSGoPdg_mR0"",""_id"":{""$oid"":""615e817a4d03ffb79160a5fe""}}]"
0,615e82fc4d03ffb79160a62f,615ad1fee4f97daa95d2ebb7,2021-10-07T05:17:48.877Z,1,Sadie St. Lawrence,"[""English"",""Hindi"",""German"",""Spanish"",""Greek"",""Italian"",""Japanese""]",Beginner,"University of California, Davis","s data collection has increased exponentially, so has the need for people skilled at using and interacting with data; to be able to think critically, and provide insights to make better decisions and optimize their businesses. This is a data scientist, “part mathematician, part computer scientist, and part trend spotter” (SAS Institute, Inc.). According to Glassdoor, being a data scientist is the best job in America; with a median base salary of $110,000 and thousands of job openings at a time. The skills necessary to be a good data scientist include being able to retrieve and work with data, and to do that you need to be well versed in SQL, the standard language for communicating with database systems.This course is designed to give you a primer in the fundamentals of SQL and working with data so that you can begin analyzing it for data science purposes. You will begin to ask the right questions and come up with good answers to deliver valuable insights for your organization. This course starts with the basics and assumes you do not have any knowledge or skills in SQL. It will build on that foundation and gradually have you write both simple and complex queries to help you select data from tables.  You'll start to work with different types of data like strings and numbers and discuss methods to filter and pare down your results.You will create new tables and be able to move data into them. You will learn common operators and how to combine the data. You will use case statements and concepts like data governance and profiling. You will discuss topics on data, and practice using real-world programming assignments. You will interpret the structure, meaning, and relationships in source data and use SQL as a professional to shape your data for targeted analysis purposes.",[],0,"[""Data Science"",""Data Analysis"",""SQL"",""Sqlite""]",https://d3njjcbhbojbot.cloudfront.net/api/utilities/v1/imageproxy/https://d15cw65ipctsrr.cloudfront.net/1f/09b6d03b7a11e98afdfdc3ec76e998/Specialization_Nav_Build_IMAGE2_600x600.png,Learn SQL Basics for Data Science,Course,2021-10-09T05:30:32.560Z,"[{""title"":""Getting Started and Selecting & Retrieving Data with SQL"",""video_url"":""https://www.youtube.com/watch?v=2su9UP4dSzo"",""_id"":{""$oid"":""615e82fc4d03ffb79160a630""}},{""title"":""Filtering, Sorting, and Calculating Data with SQL"",""video_url"":""https://youtu.be/DH0J-hLEBv0"",""_id"":{""$oid"":""615e82fc4d03ffb79160a631""}},{""title"":""Subqueries and Joins in SQL"",""video_url"":""https://youtu.be/KSGoPdg_mR0"",""_id"":{""$oid"":""615e82fc4d03ffb79160a632""}},{""title"":""Modifying and Analyzing Data with SQL"",""video_url"":""https://youtu.be/DH0J-hLEBv0"",""_id"":{""$oid"":""615e82fc4d03ffb79160a633""}}]"
0,615e843d4d03ffb79160a654,615ad1fee4f97daa95d2ebb7,2021-10-07T05:23:09.412Z,8,Aije Egwaikhide,"[""English"",""Hindi"",""German"",""Spanish"",""Greek"",""Italian"",""Japanese""]",Beginner,IBM,"This Statistics for Data Science course is designed to introduce you to the basic principles of statistical methods and procedures used for data analysis. After completing this course you will have practical knowledge of crucial topics in statistics including  - data gathering, summarizing data using descriptive statistics, displaying and visualizing data, examining relationships between variables, probability distributions, expected values, hypothesis testing, introduction to ANOVA (analysis of variance), regression and correlation analysis. You will take a hands-on approach to statistical analysis using Python and Jupyter Notebooks – the tools of choice for Data Scientists and Data Analysts.",[],3.9,"[""Data Science"",""Data Analysis"",""SQL"",""Sqlite"",""Probability And Statistics"",""Statistical Hypothesis Testing""]",https://d3njjcbhbojbot.cloudfront.net/api/utilities/v1/imageproxy/https://d15cw65ipctsrr.cloudfront.net/bd/0202c87e244d30bdecd889bd2719ae/DataScienceFundamentalsPythonSQL.png,Data Science Fundamentals with Python and SQL,Course,2021-10-11T06:57:13.511Z,"[{""title"":""Course Introduction and Python Basics"",""video_url"":""https://www.youtube.com/watch?v=2su9UP4dSzo"",""_id"":{""$oid"":""615e843d4d03ffb79160a655""}},{""title"":""Data Visualization"",""video_url"":""https://youtu.be/DH0J-hLEBv0"",""_id"":{""$oid"":""615e843d4d03ffb79160a656""}},{""title"":""Introduction to Probability Distributions"",""video_url"":""https://youtu.be/KSGoPdg_mR0"",""_id"":{""$oid"":""615e843d4d03ffb79160a657""}},{""title"":""Hypothesis testing"",""video_url"":""https://youtu.be/DH0J-hLEBv0"",""_id"":{""$oid"":""615e843d4d03ffb79160a658""}},{""title"":""Regression Analysis"",""video_url"":""https://youtu.be/lJC_sJ6jhDo"",""_id"":{""$oid"":""615e843d4d03ffb79160a659""}}]"
0,615e85c04d03ffb79160a7b0,615ad1fee4f97daa95d2ebb7,2021-10-07T05:29:36.997Z,0,Daniel Egger,"[""English"",""Hindi"",""German"",""Spanish"",""Greek"",""Italian"",""Japanese""]",Beginner,Duke University,"This course is an introduction to how to use relational databases in business analysis.  You will learn how relational databases work, and how to use entity-relationship diagrams to display the structure of the data held within them.  This knowledge will help you understand how data needs to be collected in business contexts, and help you identify features you want to consider if you are involved in implementing new data collection efforts.  You will also learn how to execute the most useful query and table aggregation statements for business analysts, and practice using them with real databases. No more waiting 48 hours for someone else in the company to provide data to you – you will be able to get the data by yourself!By the end of this course, you will have a clear understanding of how relational databases work, and have a portfolio of queries you can show potential employers. Businesses are collecting increasing amounts of information with the hope that data will yield novel insights into how to improve businesses. Analysts that understand how to access this data – this means you! – will have a strong competitive advantage in this data-smitten business world.",[],0,"[""Data Science"",""Data Analysis"",""SQL"",""MySQL"",""Teradata""]",https://d3njjcbhbojbot.cloudfront.net/api/utilities/v1/imageproxy/https://d2j5ihb19pt1hq.cloudfront.net/sdp_page/s12n_logos/Duke_ExceltoMySQLGetty529354813.jpg,MySQL: Analytic Techniques for Business,Course,2021-10-11T06:57:13.511Z,"[{""title"":""Understanding Relational Databases"",""video_url"":""https://www.youtube.com/watch?v=2su9UP4dSzo"",""_id"":{""$oid"":""615e85c04d03ffb79160a7b1""}},{""title"":""Queries to Extract Data from Single Tables"",""video_url"":""https://youtu.be/DH0J-hLEBv0"",""_id"":{""$oid"":""615e85c04d03ffb79160a7b2""}},{""title"":""Queries to Summarize Groups of Data from Multiple Table"",""video_url"":""https://youtu.be/KSGoPdg_mR0"",""_id"":{""$oid"":""615e85c04d03ffb79160a7b3""}},{""title"":""Queries to Address More Detailed Business Questions"",""video_url"":""https://youtu.be/DH0J-hLEBv0"",""_id"":{""$oid"":""615e85c04d03ffb79160a7b4""}},{""title"":""Strengthen and Test Your Understanding"",""video_url"":""https://youtu.be/lJC_sJ6jhDo"",""_id"":{""$oid"":""615e85c04d03ffb79160a7b5""}}]"
0,615e86f44d03ffb79160a830,615ad1fee4f97daa95d2ebb7,2021-10-07T05:34:44.186Z,5,Glynn Durham,"[""English"",""Hindi"",""German"",""Spanish"",""Greek"",""Italian"",""Japanese""]",Beginner,Cloudera,"TIn this course, you'll learn how to manage big datasets, how to load them into clusters and cloud storage, and how to apply structure to the data so that you can run queries on it using distributed SQL engines like Apache Hive and Apache Impala. You’ll learn how to choose the right data types, storage systems, and file formats based on which tools you’ll use and what performance you need.",[],4.2,"[""Cloud Storage"",""Data Analysis"",""SQL"",""MySQL"",""Big Data"",""Database (DBMS)"",""Data Management"",""Data Warehousing""]",https://d3njjcbhbojbot.cloudfront.net/api/utilities/v1/imageproxy/https://d15cw65ipctsrr.cloudfront.net/e0/9258906e4b11e88932d773ab868ede/GettyImages-835871924_medium_cdaSpec_square.jpg,Modern Big Data Analysis with SQL,Course,2021-10-11T06:57:13.511Z,"[{""title"":""Orientation to Data in Clusters and Cloud Storage"",""video_url"":""https://www.youtube.com/watch?v=2su9UP4dSzo"",""_id"":{""$oid"":""615e86f44d03ffb79160a831""}},{""title"":""Defining Databases, Tables, and Columns"",""video_url"":""https://youtu.be/DH0J-hLEBv0"",""_id"":{""$oid"":""615e86f44d03ffb79160a832""}},{""title"":""Data Types and File Types"",""video_url"":""https://youtu.be/KSGoPdg_mR0"",""_id"":{""$oid"":""615e86f44d03ffb79160a833""}},{""title"":""Managing Datasets in Clusters and Cloud Storage"",""video_url"":""https://youtu.be/DH0J-hLEBv0"",""_id"":{""$oid"":""615e86f44d03ffb79160a834""}},{""title"":""Optimizing Hive and Impala (Honors)"",""video_url"":""https://youtu.be/lJC_sJ6jhDo"",""_id"":{""$oid"":""615e86f44d03ffb79160a835""}}]"
0,615e888c4d03ffb79160aae8,615ad216e4f97daa95d2ebbe,2021-10-07T05:41:32.989Z,1,Nader Tavassoli,"[""English"",""Hindi"",""German"",""Spanish"",""Greek"",""Italian"",""Japanese""]",Beginner,University of London,"Professor Nader Tavassoli of London Business School contrasts traditional approaches to branding - where brands are a visual identity and a promise to customers - to brands as a customer experience delivered by the entire organisation. The course offers a brand workout for your own brands, as well as guest videos from leading branding professionals.The aim of the course is to change the conception of brands as being an organisation's visual identity (e.g., logo) and image (customers' brand associations) to an experience along moments-that-matter along the customer journey and, therefore, delivered by people across the entire organisation. Brands are thus not only an external promise to customers, but a means of executing business strategy via internal brand-led behaviour and culture change.",[],0,"[""Corporate Branding"",""Brand Marketing"",""Brand Management"",""Brand Identity""]",https://d3njjcbhbojbot.cloudfront.net/api/utilities/v1/imageproxy/https://s3.amazonaws.com/coursera-course-photos/9a/eaaf20143211e5865e25d5c1659a56/MOOC-logo_wide.jpg,"Brand Management: Aligning Business, Brand and Behaviour",Course,2021-10-11T06:57:13.511Z,"[{""title"":""Brand Purpose & Experience"",""video_url"":""https://www.youtube.com/watch?v=2su9UP4dSzo"",""_id"":{""$oid"":""615e888c4d03ffb79160aae9""}},{""title"":""Brand Design & Delivery"",""video_url"":""https://youtu.be/DH0J-hLEBv0"",""_id"":{""$oid"":""615e888c4d03ffb79160aaea""}},{""title"":""Brand Leadership and Alignment"",""video_url"":""https://youtu.be/KSGoPdg_mR0"",""_id"":{""$oid"":""615e888c4d03ffb79160aaeb""}},{""title"":""Brand Practices & Engagement"",""video_url"":""https://youtu.be/DH0J-hLEBv0"",""_id"":{""$oid"":""615e888c4d03ffb79160aaec""}},{""title"":""Brand Metrics & Returns"",""video_url"":""https://youtu.be/lJC_sJ6jhDo"",""_id"":{""$oid"":""615e888c4d03ffb79160aaed""}}]"
0,615e89914d03ffb79160ab1e,615ad216e4f97daa95d2ebbe,2021-10-07T05:45:53.957Z,0,Gabriele Jacobs,"[""English"",""Hindi"",""German"",""Spanish"",""Greek"",""Italian"",""Japanese""]",Beginner,University of London,"Extreme weather events, wars, famine and environmental destruction are just a few of the wicked problems faced by humanity.
That’s why in 2015 the United Nations adopted the 2030 Agenda for Sustainable Development. This agenda includes 17 Sustainable Development Goals (SDGs) that target the big challenges such as how to eliminate poverty, how to protect the environment and how to bring about peace. Every member state committed to achieving these goals by 2030./nWhat can businesses do to counter climate change and create a sustainable business culture? Why is this relevant for business anyway? Explore how business can contribute to a better future for people AND the planet without giving up profits./nThis course has been developed by Rotterdam School of Management at Erasmus University (RSM). It focuses on the role of businesses in achieving the SDGs. You will gain insights from leaders of international companies and academics in business and management who will guide you through the issue of how businesses can contribute to the SDGs.",[],0,"[""Corporate Branding"",""Brand Marketing"",""Brand Management"",""Brand Identity""]",https://d3njjcbhbojbot.cloudfront.net/api/utilities/v1/imageproxy/https://s3.amazonaws.com/coursera-course-photos/a8/b839ee6b2a410f861a2368b0845f8d/New-RSM-Hummingbird.jpg,Driving business towards the Sustainable Development Goals,Course,2021-10-11T06:57:13.511Z,"[{""title"":""Introduction to the Sustainable Development Goals"",""video_url"":""https://www.youtube.com/watch?v=2su9UP4dSzo"",""_id"":{""$oid"":""615e89914d03ffb79160ab1f""}},{""title"":""The Biosphere"",""video_url"":""https://youtu.be/DH0J-hLEBv0"",""_id"":{""$oid"":""615e89914d03ffb79160ab20""}},{""title"":""Society I"",""video_url"":""https://youtu.be/KSGoPdg_mR0"",""_id"":{""$oid"":""615e89914d03ffb79160ab21""}},{""title"":""Society II"",""video_url"":""https://youtu.be/DH0J-hLEBv0"",""_id"":{""$oid"":""615e89914d03ffb79160ab22""}},{""title"":""Economy"",""video_url"":""https://youtu.be/lJC_sJ6jhDo"",""_id"":{""$oid"":""615e89914d03ffb79160ab23""}},{""title"":""Systems thinking"",""video_url"":""https://youtu.be/lJC_sJ6jhDo"",""_id"":{""$oid"":""615e89914d03ffb79160ab24""}}]"
0,615e8b244d03ffb79160aba2,615ad216e4f97daa95d2ebbe,2021-10-07T05:52:36.049Z,14,Laurence Lehmann-Ortega,"[""English"",""Hindi"",""German"",""Spanish"",""Greek"",""Italian"",""Japanese"",""Portuguese (European)""]",Intermidiate,HEC Paris,"Innovation goes beyond technology, products and processes. The new competitive landscape requires another, more holistic and strategic perspective, based on the concept of business models.This course gives you access to the Odyssey 3.14 approach, a pioneering framework that will help you invent or reinvent business models.This highly innovative approach has been developed by Laurence Lehmann-Ortega and Hélène Musikas and has proven to be a very valuable methodology for start-up entrepreneurs, business unit managers and intrapreneurs alike. It offers a practical and highly effective framework and toolbox to create, invent or reinvent business models in a very disciplined way.",[],3.2,"[""Strategic Management"",""Business Model"",""Business Modeling"",""Business Strategy""]",https://d3njjcbhbojbot.cloudfront.net/api/utilities/v1/imageproxy/https://s3.amazonaws.com/coursera-course-photos/d2/7fe6f0ea7c11e59ca95bc61c415c8b/Odyssey314-800x800.png,Business Model Innovation,Course,2021-10-07T05:52:36.049Z,"[{""title"":""INTRODUCTION TO BUSINESS MODEL INNOVATION"",""video_url"":""https://www.youtube.com/watch?v=2su9UP4dSzo"",""_id"":{""$oid"":""615e8b244d03ffb79160aba3""}},{""title"":""THE 3 COMPONENTS OF A BUSINESS MODEL"",""video_url"":""https://youtu.be/DH0J-hLEBv0"",""_id"":{""$oid"":""615e8b244d03ffb79160aba4""}},{""title"":""7 DIRECTIONS FOR THE VALUE PROPOSITION"",""video_url"":""https://youtu.be/KSGoPdg_mR0"",""_id"":{""$oid"":""615e8b244d03ffb79160aba5""}},{""title"":""7 DIRECTIONS FOR THE VALUE ARCHITECTURE"",""video_url"":""https://youtu.be/DH0J-hLEBv0"",""_id"":{""$oid"":""615e8b244d03ffb79160aba6""}},{""title"":""IT'S YOUR TURN TO APPLY THE ODYSSEY 3.14 APPROACH!"",""video_url"":""https://youtu.be/lJC_sJ6jhDo"",""_id"":{""$oid"":""615e8b244d03ffb79160aba7""}}]"
0,615e8c464d03ffb79160ac17,615ad229e4f97daa95d2ebc5,2021-10-07T05:57:26.586Z,1,Dr. Tim,"[""English"",""Hindi""]",Intermediate,University of Colorado,"This course is the third course in the specialization about learning how to develop video games using the C++ programming language and the Unreal game engine on Windows or Mac.This course assumes you have the prerequisite knowledge from the previous two courses in the specialization. You should make sure you have that knowledge, either by taking those previous courses or from personal experience, before tackling this course. Throughout this course you'll continue building your foundational C++ and Unreal knowledge by exploring more C++ and Unreal topics.",[],0,"[""Strategic Management"",""Business Model"",""Business Modeling"",""Business Strategy""]",https://d3njjcbhbojbot.cloudfront.net/api/utilities/v1/imageproxy/https://s3.amazonaws.com/coursera-course-photos/fb/845bb344264927940672e89197fb01/Class-Dev-Part-3-Logo.png?auto=format%2Ccompress&dpr=1&w=150&h=150&fit=fill&bg=FFF&q=25,C++ Class Development,Course,2021-10-09T12:01:32.030Z,"[{""title"":""Abstraction and Console App Classes"",""video_url"":""https://www.youtube.com/watch?v=2su9UP4dSzo"",""_id"":{""$oid"":""615e8c464d03ffb79160ac18""}},{""title"":""A Closer Look at Functions"",""video_url"":""https://youtu.be/DH0J-hLEBv0"",""_id"":{""$oid"":""615e8c464d03ffb79160ac19""}},{""title"":""Unreal Engine Classes and Strings"",""video_url"":""https://youtu.be/KSGoPdg_mR0"",""_id"":{""$oid"":""615e8c464d03ffb79160ac1a""}},{""title"":""Pointers and Unreal Engine Audio"",""video_url"":""https://youtu.be/DH0J-hLEBv0"",""_id"":{""$oid"":""615e8c464d03ffb79160ac1b""}}]"
0,615e8d2f4d03ffb79160ac69,615ad229e4f97daa95d2ebc5,2021-10-07T06:01:19.370Z,0,Wade Fagen-Ulmschneider,"[""English"",""Hindi""]",Intermediate,University of Colorado,"TThis course teaches learners how to write a program in the C++ language, including how to set up a development environment for writing and debugging C++ code and how to implement data structures as C++ classes. It is the first course in the Accelerated CS Fundamentals specialization, and subsequent courses in this specialization will be using C++ as the language for implementing the data structures covered in class.",[],0,"[""Strategic Management"",""Business Model"",""Business Modeling"",""Business Strategy""]",https://d3njjcbhbojbot.cloudfront.net/api/utilities/v1/imageproxy/https://coursera_assets.s3.amazonaws.com/lady_looking_at_computer.png?auto=format%2Ccompress&dpr=1&h=350&w=350,Accelerated Computer Science Fundamentals,Course,2021-10-07T06:01:19.370Z,"[{""title"":""Orientation; Writing a C++ Program"",""video_url"":""https://www.youtube.com/watch?v=2su9UP4dSzo"",""_id"":{""$oid"":""615e8d2f4d03ffb79160ac6a""}},{""title"":""Understanding the C++ Memory Model"",""video_url"":""https://youtu.be/DH0J-hLEBv0"",""_id"":{""$oid"":""615e8d2f4d03ffb79160ac6b""}},{""title"":""Developing C++ Classes"",""video_url"":""https://youtu.be/KSGoPdg_mR0"",""_id"":{""$oid"":""615e8d2f4d03ffb79160ac6c""}},{""title"":""Engineering C++ Software Solutions"",""video_url"":""https://youtu.be/DH0J-hLEBv0"",""_id"":{""$oid"":""615e8d2f4d03ffb79160ac6d""}}]"
0,61666953c632b8512b174d18,615ad294e4f97daa95d2ebe6,2021-10-13T05:06:27.456Z,0,Brian McManus,"[""English"",""Hindi""]",Intermediate,University of Colorado,"This course is designed for non-native English speakers who are interested in advancing their careers in the global marketplace.  In this course, you will learn about the job search, application, and interview process in the United States, while comparing and contrasting the same process in your home country. This course will also give you the opportunity to explore your global career path, while building your vocabulary and improving your language skills to achieve your professional goals. The first unit in this course will introduce the U.S. job application process and provide strategies for identifying the jobs that match your interests and skills. Unit 2 will take you through the steps necessary to produce a professional-looking resume. In unit 3, you will work to develop a clear and concise cover letter. The final unit of the course focuses on networking and interview skills.",[],0,"[""Communication"",""English Language"",""Career Development"",""Writing""]",https://d3njjcbhbojbot.cloudfront.net/api/utilities/v1/imageproxy/https://s3.amazonaws.com/coursera-course-photos/bb/62e6a0120b11e6bc32c330496bd91a/Career-Development.jpg?auto=format%2Ccompress&dpr=1&w=150&h=150&fit=fill&bg=FFF&q=25,English for Career Development,Course,2021-10-13T05:06:27.456Z,"[{""title"":""Entering the Job Market"",""video_url"":""https://www.youtube.com/watch?v=2su9UP4dSzo"",""_id"":{""$oid"":""61666953c632b8512b174d19""}},{""title"":""Resumes"",""video_url"":""https://youtu.be/DH0J-hLEBv0"",""_id"":{""$oid"":""61666953c632b8512b174d1a""}},{""title"":""Writing a Cover Letter"",""video_url"":""https://youtu.be/KSGoPdg_mR0"",""_id"":{""$oid"":""61666953c632b8512b174d1b""}},{""title"":""Interviewing For a Job"",""video_url"":""https://youtu.be/DH0J-hLEBv0"",""_id"":{""$oid"":""61666953c632b8512b174d1c""}}]"
0,61666a26c632b8512b174e2b,615ad241e4f97daa95d2ebcc,2021-10-13T05:09:58.089Z,0,George Siede,"[""English"",""Hindi""]",Intermediate,University of Michigan,"We all negotiate on a daily basis. On a personal level, we negotiate with friends, family, landlords, car sellers and employers, among others. Negotiation is also the key to business success. No business can survive without profitable contracts. Within a company, negotiation skills can lead to your career advancement.",[],0,"[""Communication"",""Strategic Negotiations"",""Career Development""]",https://d3njjcbhbojbot.cloudfront.net/api/utilities/v1/imageproxy/https://s3.amazonaws.com/coursera-course-photos/99/7ab7c00f7b11e79b617dbb2116532d/contractnegotiations_Logo_080814d.jpg?auto=format%2Ccompress&dpr=1&w=150&h=150&fit=fill&bg=FFF&q=25,Successful Negotiation: Essential Strategies and Skills,Course,2021-10-13T05:09:58.089Z,"[{""title"":""Welcome to Successful Negotiation!"",""video_url"":""https://www.youtube.com/watch?v=2su9UP4dSzo"",""_id"":{""$oid"":""61666a26c632b8512b174e2c""}},{""title"":""Prepare: Plan Your Negotiation Strategy"",""video_url"":""https://youtu.be/DH0J-hLEBv0"",""_id"":{""$oid"":""61666a26c632b8512b174e2d""}},{""title"":""Negotiate: Use Key Tactics for Success"",""video_url"":""https://youtu.be/KSGoPdg_mR0"",""_id"":{""$oid"":""61666a26c632b8512b174e2e""}},{""title"":""Perform and Evaluate: The End Game"",""video_url"":""https://youtu.be/DH0J-hLEBv0"",""_id"":{""$oid"":""61666a26c632b8512b174e2f""}}]"